name,datetime,tempmax,tempmin,temp,feelslikemax,feelslikemin,feelslike,dew,humidity,precip,precipprob,precipcover,preciptype,snow,snowdepth,windgust,windspeed,winddir,sealevelpressure,cloudcover,visibility,solarradiation,solarenergy,uvindex,severerisk,sunrise,sunset,moonphase,conditions,description,icon,stations
skopje,1/1/2023,2.7,0.9,1.5,2.7,0.9,1.5,1.5,99.4,0,0,0,,0,0,9.4,3.6,280.4,1034.1,97.6,1,59.9,5.1,4,10,2023-01-01T07:02:26,2023-01-01T16:13:10,0.31,Overcast,Cloudy skies throughout the day.,cloudy,"LWSK,13586099999,BKPR,13588099999,13590099999,13489099999,D3068,13571099999,13575099999,13481199999"
skopje,1/2/2023,2.9,-0.1,0.8,2.9,-1,0.7,0.6,98.4,0,0,0,,0,0,7.6,7,15.3,1032.6,98.7,1.3,55.9,4.8,4,10,2023-01-02T07:02:31,2023-01-02T16:14:02,0.35,Overcast,Cloudy skies throughout the day.,cloudy,"LWSK,13586099999,13576099999,BKPR,13588099999,13590099999,13489099999,D3068,13591099999,13571099999,13575099999,13481199999"
skopje,1/3/2023,2.6,-1,0.8,2.6,-2.3,0.7,0.6,98.8,0,0,0,,0,0,12.2,6.6,343.4,1029.7,98.1,1.4,62.4,5.4,4,10,2023-01-03T07:02:34,2023-01-03T16:14:56,0.38,Overcast,Cloudy skies throughout the day.,cloudy,"LWSK,13586099999,BKPR,13588099999,13590099999,D3068,13489099999,13571099999,13575099999,13481199999"
skopje,1/4/2023,10.9,-0.8,3.7,10.9,-0.8,3.3,2.6,92.5,0,0,0,,0,0,14.4,19.8,26.1,1029,78.4,5.3,38,3.3,2,10,2023-01-04T07:02:35,2023-01-04T16:15:51,0.41,Partially cloudy,Partly cloudy throughout the day.,partly-cloudy-day,"LWSK,13586099999,13576099999,BKPR,13588099999,13590099999,D3068,13489099999,13591099999,13571099999,13575099999,13481199999"
skopje,1/5/2023,10.1,0.1,5.3,10.1,0.1,5.1,3.3,87.4,0,0,0,,0,0,13.7,7.4,52.7,1023.5,63.7,10.6,58.3,5,4,10,2023-01-05T07:02:33,2023-01-05T16:16:47,0.45,Partially cloudy,Partly cloudy throughout the day.,partly-cloudy-day,"LWSK,13586099999,13576099999,BKPR,13590099999,13588099999,13489099999,D3068,13591099999,13571099999,13575099999,13481199999"
skopje,1/6/2023,13.8,-2.8,3.5,13.8,-2.8,3.2,0.3,81.9,0,0,0,,0,0,18,14.1,358.3,1025.2,21.7,9.4,57.5,5,4,10,2023-01-06T07:02:29,2023-01-06T16:17:46,0.48,Partially cloudy,Partly cloudy throughout the day.,partly-cloudy-day,"LWSK,13586099999,13576099999,BKPR,13588099999,13590099999,D3068,13489099999,13591099999,13571099999,13575099999,13481199999"
skopje,1/7/2023,11,-3.2,1.9,11,-3.2,1.7,-1.1,82.6,0,0,0,,0,0,14.4,10.1,52.4,1025.3,1.1,11.7,66.4,5.8,4,10,2023-01-07T07:02:22,2023-01-07T16:18:45,0.5,Clear,Clear conditions throughout the day.,clear-day,"LWSK,13586099999,13576099999,BKPR,13590099999,13588099999,D3068,13489099999,13591099999,13571099999,13575099999,13481199999"
skopje,1/8/2023,9.9,-5,0.7,9.9,-5,0.5,-1.4,87.2,0,0,0,,0,0,13.3,13.8,325.9,1022.4,24.4,10.8,73.5,6.1,4,10,2023-01-08T07:02:13,2023-01-08T16:19:46,0.55,Partially cloudy,Partly cloudy throughout the day.,partly-cloudy-day,"LWSK,13586099999,13576099999,BKPR,13590099999,13588099999,13489099999,D3068,13591099999,13571099999,13575099999,13481199999"
skopje,1/9/2023,9.8,-3.6,2.5,7.1,-4.1,1.7,0.7,88.2,0.016,100,4.17,rain,0,0,51.8,33,230.2,1016.5,62.5,9.1,34.4,2.9,2,10,2023-01-09T07:02:02,2023-01-09T16:20:48,0.58,"Rain, Partially cloudy",Partly cloudy throughout the day with late afternoon rain.,rain,"LWSK,13586099999,13576099999,BKPR,13590099999,13588099999,D3068,13591099999,13571099999,13575099999,13481199999"
skopje,1/10/2023,10.7,3,7.1,10.7,0.1,5.5,5,87.1,1.916,100,16.67,rain,0,0,38.9,36.6,1.6,1007.2,83.7,10.4,26.4,2.1,2,10,2023-01-10T07:01:48,2023-01-10T16:21:52,0.62,"Rain, Partially cloudy",Partly cloudy throughout the day with a chance of rain throughout the day.,rain,"LWSK,13586099999,13576099999,BKPR,13590099999,13588099999,13489099999,D3068,13591099999,13571099999,13575099999,13481199999"
skopje,1/11/2023,7,0.7,3.9,6.8,0.4,2.8,1,82.2,0.032,100,8.33,rain,0,0,18,20.8,358.6,1016.4,81.2,12.5,17.5,1.5,1,10,2023-01-11T07:01:32,2023-01-11T16:22:57,0.65,"Rain, Partially cloudy",Partly cloudy throughout the day with rain.,rain,"LWSK,13586099999,13576099999,BKPR,13590099999,13588099999,13489099999,D3068,13591099999,13571099999,13575099999,13481199999"
skopje,1/12/2023,7.8,2.4,4.9,7.5,2.4,4.1,1.6,79.8,0,0,0,,0,0,16.2,16,18,1021.1,88.7,12.2,35.1,3,2,10,2023-01-12T07:01:14,2023-01-12T16:24:03,0.68,Partially cloudy,Partly cloudy throughout the day.,partly-cloudy-day,"LWSK,13586099999,13576099999,BKPR,13590099999,13588099999,D3068,13489099999,13591099999,13571099999,13575099999,13481199999"
skopje,1/13/2023,10.5,-1,4.9,10.5,-1,3.9,1.9,82,0,0,0,,0,0,14.8,14.4,36.1,1021.4,71.9,11.4,42.8,3.7,3,10,2023-01-13T07:00:54,2023-01-13T16:25:10,0.72,Partially cloudy,Partly cloudy throughout the day.,partly-cloudy-day,"LWSK,13586099999,13576099999,BKPR,13590099999,13588099999,13489099999,D3068,13591099999,13571099999,13575099999,13481199999"
skopje,1/14/2023,5.7,-2.9,1.6,5.7,-4.2,1.1,0.2,90.6,0,0,0,,0,0,12.6,14.4,34.8,1021.8,80.2,9.1,43,3.7,2,10,2023-01-14T07:00:31,2023-01-14T16:26:18,0.75,Partially cloudy,Partly cloudy throughout the day.,partly-cloudy-day,"LWSK,13586099999,13576099999,BKPR,13590099999,13588099999,13489099999,D3068,13591099999,13571099999,13575099999,13481199999"
skopje,1/15/2023,9,-1.8,4.2,9,-1.8,4.1,0.8,79.5,0,0,0,,0,0,13,7.6,90.8,1020.5,58.1,12,68.5,6,5,10,2023-01-15T07:00:06,2023-01-15T16:27:27,0.75,Partially cloudy,Partly cloudy throughout the day.,partly-cloudy-day,"LWSK,13586099999,13576099999,BKPR,13590099999,13588099999,D3068,13591099999,13571099999,13575099999,13481199999"
skopje,1/16/2023,6.1,-2.7,2,6.1,-2.7,1.8,0,86.9,0.002,100,4.17,rain,0,0,11,7,289.9,1011.6,63.1,9.4,43.3,3.8,2,10,2023-01-16T06:59:38,2023-01-16T16:28:37,0.82,"Rain, Partially cloudy",Partly cloudy throughout the day with late afternoon rain.,rain,"LWSK,13588099999,13489099999,13577099999,13481199999,13586099999,13576099999,BKPR,13590099999,D3068,13591099999,13571099999,13575099999"
skopje,1/17/2023,12,4.7,8.2,12,1.9,7.7,6,86.8,4.78,100,16.67,rain,0,0,72,12.9,277.6,1002.8,86.2,10.4,54,4.6,3,10,2023-01-17T06:59:09,2023-01-17T16:29:48,0.85,"Rain, Partially cloudy",Partly cloudy throughout the day with a chance of rain throughout the day.,rain,"LWSK,13586099999,13576099999,13588099999,BKPR,13590099999,D3068,13591099999,13577099999,13571099999,13575099999,13481199999"
skopje,1/18/2023,18,8.1,12.9,18,6.8,12.7,6.1,65.7,0.175,100,8.33,rain,0,0,64.8,27.1,199.1,1002.7,69.9,14.9,24.7,2.1,2,10,2023-01-18T06:58:37,2023-01-18T16:30:59,0.89,"Rain, Partially cloudy",Partly cloudy throughout the day with rain.,rain,"LWSK,13588099999,13489099999,13577099999,13481199999,13586099999,13576099999,BKPR,13590099999,D3068,13591099999,13571099999,13575099999"
skopje,1/19/2023,16.1,8.5,12.9,16.1,8,12.7,5.5,61.9,0.085,100,8.33,rain,0,0,82.8,26.3,118.4,1004.7,84,11.5,5.4,0.5,0,10,2023-01-19T06:58:03,2023-01-19T16:32:12,0.92,"Rain, Partially cloudy",Partly cloudy throughout the day with rain.,rain,"LWSK,13588099999,13489099999,13577099999,13481199999,13586099999,13576099999,BKPR,13590099999,D3068,13591099999,13571099999,13575099999"
skopje,1/20/2023,11.5,3.7,7.7,11.5,1.7,6.5,5,83.6,1.13,100,12.5,rain,0,0,43.2,15.1,94.6,1005.2,58.2,13.4,30.8,2.4,1,10,2023-01-20T06:57:27,2023-01-20T16:33:25,0.95,"Rain, Partially cloudy",Partly cloudy throughout the day with a chance of rain throughout the day.,rain,"LWSK,13586099999,13576099999,13588099999,BKPR,13590099999,D3068,13591099999,13577099999,13571099999,13575099999,13481199999"
skopje,1/21/2023,7.9,1.9,4.6,7.9,1.1,3.2,3.1,89.7,0.237,100,12.5,rain,0,1.1,54,13.3,248.5,1010.2,79.2,10.7,34,2.9,3,10,2023-01-21T06:56:48,2023-01-21T16:34:38,0,"Rain, Partially cloudy",Partly cloudy throughout the day with rain.,rain,"LWSK,13586099999,13576099999,13588099999,BKPR,13590099999,D3068,13591099999,13577099999,13571099999,13575099999,13481199999"
skopje,1/22/2023,12.8,-1.5,5.5,12.8,-1.5,4.7,1.8,79.5,0.05,100,4.17,rain,0,0.8,17.3,9.9,257.6,1018.8,40.7,8.8,77.5,6.6,5,10,2023-01-22T06:56:08,2023-01-22T16:35:53,0.02,"Rain, Partially cloudy",Partly cloudy throughout the day with afternoon rain.,rain,"LWSK,13493099999,13588099999,13489099999,13577099999,13481199999,13586099999,13576099999,BKPR,13590099999,D3068,13591099999,13585099999,13571099999,13575099999"
skopje,1/23/2023,10.9,5.9,8.4,10.9,5,7.5,6.8,89.7,0.848,100,12.5,rain,0,0.1,216,15.2,121.9,1021.5,98.1,10.4,36.3,3,2,10,2023-01-23T06:55:25,2023-01-23T16:37:08,0.05,"Rain, Overcast",Cloudy skies throughout the day with rain.,rain,"LWSK,13586099999,13576099999,13588099999,BKPR,13590099999,D3068,13591099999,13577099999,13571099999,13575099999,13481199999"
skopje,1/24/2023,8.5,4.6,6.4,8.5,1.7,4.9,5.2,92,1.484,100,12.5,rain,0,0,12.2,14.4,266.1,1026.9,98,9.3,17.3,1.5,1,10,2023-01-24T06:54:41,2023-01-24T16:38:23,0.09,"Rain, Overcast",Cloudy skies throughout the day with rain.,rain,"LWSK,13588099999,13489099999,13577099999,13481199999,13586099999,13576099999,BKPR,13590099999,D3068,13591099999,13571099999,13575099999"
skopje,1/25/2023,5.7,4,4.7,5.7,1.1,4.2,3.1,89.6,1.161,100,16.67,rain,0,0,13.7,14.6,49.9,1026.2,99.8,10.8,31.1,2.6,2,10,2023-01-25T06:53:54,2023-01-25T16:39:39,0.12,"Rain, Overcast",Cloudy skies throughout the day with a chance of rain throughout the day.,rain,"LWSK,13588099999,13489099999,13577099999,13481199999,13586099999,13576099999,BKPR,13590099999,D3068,13591099999,13571099999,13575099999"
skopje,1/26/2023,4.4,1.8,3.4,4,-1.5,1.6,1.8,89.3,0.105,100,16.67,"rain,snow",0,0.1,18.4,14.3,93.5,1015.6,99.9,10,33.4,3,2,10,2023-01-26T06:53:06,2023-01-26T16:40:55,0.15,"Snow, Rain, Overcast",Cloudy skies throughout the day with a chance of rain or snow throughout the day.,rain,"LWSK,13588099999,13489099999,13577099999,13481199999,13586099999,13576099999,BKPR,13590099999,D3068,13591099999,13571099999,13575099999"
skopje,1/27/2023,3.3,0.8,1.9,3.3,-2.1,0,-0.5,84.5,0.727,100,16.67,"rain,snow",0.1,0.4,19.1,17.1,291.1,1010.1,99.4,10.7,49.7,4.2,2,10,2023-01-27T06:52:15,2023-01-27T16:42:11,0.19,"Snow, Rain, Overcast",Cloudy skies throughout the day with a chance of rain or snow throughout the day.,snow,"LWSK,13588099999,13489099999,13577099999,13481199999,13586099999,13576099999,BKPR,13590099999,D3068,13591099999,13571099999,13575099999"
skopje,1/28/2023,5.4,-1.8,2.4,4.1,-5.2,0.6,-1.4,76.5,0,0,0,,0,0.3,39.6,18.5,315.8,1016.6,97.6,13.6,30.5,2.6,1,10,2023-01-28T06:51:23,2023-01-28T16:43:28,0.25,Overcast,Cloudy skies throughout the day.,cloudy,"LWSK,13588099999,13489099999,13577099999,13481199999,13586099999,13576099999,BKPR,13590099999,D3068,13591099999,13571099999,13575099999"
skopje,1/29/2023,3.6,0.9,2.2,2,-3.2,-0.3,-1.5,76.8,0,0,0,,0,0.3,21.2,18.2,331.9,1022.7,91.3,11.8,16.2,1.4,1,10,2023-01-29T06:50:28,2023-01-29T16:44:45,0.25,Overcast,Cloudy skies throughout the day.,cloudy,"LWSK,13586099999,13576099999,13588099999,BKPR,13590099999,D3068,13591099999,13577099999,13571099999,13575099999,13481199999"
skopje,1/30/2023,3.2,-1.3,1.2,3.2,-3.1,0,-2.7,75.6,0,0,0,,0,0.3,11.2,13.2,82,1019.6,83.1,12.1,47.3,4,2,10,2023-01-30T06:49:32,2023-01-30T16:46:02,0.29,Partially cloudy,Partly cloudy throughout the day.,partly-cloudy-day,"LWSK,13586099999,13576099999,13588099999,BKPR,13590099999,D3068,13591099999,13577099999,13571099999,13575099999,13481199999"
skopje,1/31/2023,6.6,-2.3,2.3,4.9,-4.7,-0.3,-2.3,72.9,0.012,100,4.17,"rain,snow",0,0.2,43.2,20.7,319.2,1018.2,61.3,11.8,61.4,5.2,3,10,2023-01-31T06:48:34,2023-01-31T16:47:20,0.32,"Snow, Rain, Partially cloudy",Partly cloudy throughout the day with morning rain or snow.,rain,"LWSK,13586099999,13576099999,13588099999,BKPR,13590099999,D3068,13591099999,13577099999,13571099999,13575099999,13481199999"
skopje,2/1/2023,11.5,-1.3,3.3,11.5,-3.6,3,-3.9,62.6,0.001,100,4.17,rain,0,0,13.7,10.1,37.4,1020.8,49.3,14.2,86.2,7.5,5,10,2023-02-01T06:47:34,2023-02-01T16:48:37,0.36,"Rain, Partially cloudy",Clearing in the afternoon with afternoon rain.,rain,"LWSK,13586099999,13576099999,BKPR,13590099999,13588099999,D3068,13591099999,13577099999,13571099999,13575099999,13481199999"
skopje,2/1/2023,11.5,-1.3,3.3,11.5,-3.6,2.9,-3.9,62.9,0.001,100,4.17,rain,0,0,13.7,10.1,39.9,1020.8,49,14.2,188.1,7.5,5,,2023-02-01T06:47:34,2023-02-01T16:48:37,0.36,"Rain, Partially cloudy",Clearing in the afternoon with afternoon rain.,rain,"LWSK,13586099999,13576099999,13590099999,13588099999,D3068,13591099999,13571099999,13575099999"
skopje,2/2/2023,11.2,-3.6,4.2,11.2,-3.6,3.3,-2.5,65.2,0,0,0,,0,0,64.8,20.3,30.2,1020.3,52.2,14.1,168.2,6.7,5,,2023-02-02T06:46:33,2023-02-02T16:49:55,0.39,Partially cloudy,Clearing in the afternoon.,partly-cloudy-day,"LWSK,13586099999,13576099999,13588099999,13590099999,D3068,13591099999,13571099999,13575099999"
skopje,2/3/2023,8.6,-1,3.9,7.5,-2.4,1.9,-2.4,66.4,3.443,100,8.33,"rain,snow",0.3,0.4,57.6,23.8,314.3,1024,49.8,13.8,233.5,8.3,6,,2023-02-03T06:45:30,2023-02-03T16:51:13,0.42,"Snow, Rain, Partially cloudy",Partly cloudy throughout the day with rain or snow clearing later.,snow,"LWSK,13586099999,13576099999,13588099999,13590099999,D3068,13591099999,13585099999,13571099999,13575099999"
skopje,2/4/2023,7.5,0.1,2.6,7.5,-5.4,0.4,-1.9,72.9,0.358,100,4.17,rain,0.6,0.4,57.6,31.7,323.5,1017.6,84,13.6,202.3,7.3,7,,2023-02-04T06:44:25,2023-02-04T16:52:30,0.46,"Rain, Partially cloudy",Partly cloudy throughout the day with late afternoon rain or snow.,snow,"LWSK,13576099999,13586099999,13588099999,13590099999,D3068,13591099999,13571099999,13575099999"
skopje,2/5/2023,0.4,-3.2,-1.4,-4,-9.7,-7.1,-11.1,47.9,0.1,100,4.17,snow,0,0.3,72,44.6,332.3,1026,88.7,15.4,88.4,3.6,2,,2023-02-05T06:43:18,2023-02-05T16:53:48,0.5,"Snow, Partially cloudy",Partly cloudy throughout the day with late afternoon snow.,rain,"LWSK,13586099999,13576099999,13588099999,13590099999,D3068,13489099999,13591099999,13571099999,13575099999"
skopje,2/6/2023,0,-5.1,-2.3,-4.4,-10.6,-7.5,-10.9,52.1,0,0,0,,0,1.3,29.5,28.1,333.5,1030.6,79.7,15.1,184.4,7.5,6,,2023-02-06T06:42:10,2023-02-06T16:55:06,0.52,Partially cloudy,Partly cloudy throughout the day.,partly-cloudy-day,"LWSK,13586099999,13576099999,13588099999,13590099999,D3068,13489099999,13591099999,13571099999,13575099999"
skopje,2/7/2023,1.4,-4.7,-2,-3.4,-8.8,-6.2,-9.7,56.3,0.009,100,4.17,snow,0,1.1,50.4,22,312.2,1035.6,56.3,13.5,169.8,6.9,7,,2023-02-07T06:41:00,2023-02-07T16:56:23,0.56,"Snow, Partially cloudy",Partly cloudy throughout the day with morning snow.,rain,"LWSK,13586099999,13576099999,13588099999,13590099999,D3068,13489099999,13591099999,13571099999,13575099999"
skopje,2/8/2023,2.6,-8.2,-2.8,2.6,-10.2,-4.6,-9.9,60.2,0,0,0,,0,0.5,21.2,10.8,257,1038.9,41.8,13.4,106.5,4.2,2,,2023-02-08T06:39:49,2023-02-08T16:57:41,0.59,Partially cloudy,Partly cloudy throughout the day.,partly-cloudy-day,"LWSK,13586099999,13576099999,13588099999,13590099999,D3068,13489099999,13591099999,13571099999,13575099999"
skopje,2/9/2023,3.6,-11.3,-3.1,2,-11.9,-4.8,-10.2,60.5,0.005,100,4.17,rain,0,0.3,14.8,10.4,88.1,1039,37.6,12.8,222.1,8.8,6,,2023-02-09T06:38:36,2023-02-09T16:58:58,0.63,"Rain, Partially cloudy",Partly cloudy throughout the day with afternoon rain.,rain,"LWSK,13576099999,13586099999,13588099999,13590099999,D3068,13591099999,13571099999,13575099999"
skopje,2/10/2023,6.1,-10,-1.7,6.1,-10.7,-2.7,-9,60.7,0.001,100,4.17,rain,0,0.2,14,7.4,234.7,1037.2,25,15.1,245.2,9.7,5,,2023-02-10T06:37:22,2023-02-10T17:00:16,0.66,"Rain, Partially cloudy",Partly cloudy throughout the day with afternoon rain.,rain,"LWSK,13586099999,13576099999,13588099999,13590099999,D3068,13591099999,13571099999,13575099999"
skopje,2/11/2023,8.5,-5.9,0.5,8.4,-9.2,-1.4,-9,52.8,0.002,100,4.17,rain,0,0.2,14.8,10.6,272.5,1035.1,5.5,12.1,269.1,10.7,6,,2023-02-11T06:36:06,2023-02-11T17:01:33,0.7,Rain,Clear conditions throughout the day with afternoon rain.,rain,"LWSK,13586099999,13576099999,13588099999,13590099999,13489099999,D3068,13591099999,13571099999,13575099999"
skopje,2/12/2023,5.9,-7,0.9,3.7,-7.1,-1.2,-4.9,66.1,0,0,0,,0,0.1,54,18.1,320.3,1032.5,75.1,12,71.7,2.8,1,,2023-02-12T06:34:49,2023-02-12T17:02:50,0.73,Partially cloudy,Partly cloudy throughout the day.,partly-cloudy-day,"LWSK,13586099999,13576099999,13588099999,13590099999,D3068,13489099999,13591099999,13571099999,13575099999"
skopje,2/13/2023,10,-0.2,3.9,10,-2.4,2.9,-2.7,64.8,0,0,0,,0,0.1,16.6,14.3,322.8,1037.1,36.5,10.4,273.5,10.8,6,,2023-02-13T06:33:31,2023-02-13T17:04:07,0.75,Partially cloudy,Clearing in the afternoon.,partly-cloudy-day,"LWSK,13493099999,13586099999,13576099999,13588099999,13590099999,D3068,13489099999,13591099999,13585099999,13571099999,13575099999"
skopje,2/14/2023,9,-2.2,3.5,5.7,-5.6,1.2,-3.7,61.1,0,0,0,,0,0.1,57.6,25.9,314.2,1032.7,46.2,12.4,117.9,4.8,3,,2023-02-14T06:32:11,2023-02-14T17:05:23,0.8,Partially cloudy,Partly cloudy throughout the day.,partly-cloudy-day,"LWSK,13586099999,13576099999,13588099999,13590099999,D3068,13489099999,13591099999,13571099999,13575099999"
skopje,2/15/2023,11.6,0.6,5.2,11.6,-1.7,4,-2.7,58.3,0,0,0,,0,0,54,16.8,308.9,1032.4,27.3,12.8,232.1,9.2,6,,2023-02-15T06:30:50,2023-02-15T17:06:39,0.83,Partially cloudy,Clearing in the afternoon.,partly-cloudy-day,"LWSK,13586099999,13576099999,13588099999,13590099999,D3068,13591099999,13571099999,13575099999"
skopje,2/16/2023,13.8,-3.6,3.9,13.8,-6.5,3,-2.9,64.6,0,0,0,,0,0,16.9,10.3,255.3,1031.1,0.2,11.7,328.2,12.9,6,,2023-02-16T06:29:28,2023-02-16T17:07:56,0.87,Clear,Clear conditions throughout the day.,clear-day,"LWSK,13586099999,13576099999,13588099999,13590099999,D3068,13591099999,13571099999,13575099999"
skopje,2/17/2023,15.1,-2.1,5.1,15.1,-4.7,4.5,-2.4,61.9,0,0,0,,0,0,19.1,13.6,265.6,1028.8,29.7,11.7,323.6,12.6,6,,2023-02-17T06:28:04,2023-02-17T17:09:11,0.9,Partially cloudy,Clearing in the afternoon.,partly-cloudy-day,"LWSK,13586099999,13576099999,13588099999,13590099999,D3068,13591099999,13571099999,13575099999"
skopje,2/18/2023,14.8,-1.4,6.3,14.8,-3.9,5.6,-2,58.7,0,0,0,,0,0,16.6,7.4,278,1026,43.7,14.6,211.2,8.4,5,,2023-02-18T06:26:40,2023-02-18T17:10:27,0.94,Partially cloudy,Partly cloudy throughout the day.,partly-cloudy-day,"LWSK,13586099999,13576099999,13588099999,13590099999,D3068,13591099999,13571099999,13575099999"
skopje,2/19/2023,18,0,8.8,18,-0.8,8.4,0,58,0,0,0,,0,0,16.9,10.1,217.7,1021.1,39.7,12.8,300.3,12.9,6,,2023-02-19T06:25:14,2023-02-19T17:11:42,0.97,Partially cloudy,Becoming cloudy in the afternoon.,partly-cloudy-day,"LWSK,13586099999,13576099999,13588099999,13590099999,D3068,13591099999,13571099999,13575099999"
skopje,2/20/2023,16.8,4.1,10.7,16.8,2.5,10,0,49.5,0,0,0,,0,0,61.2,24.4,301.3,1024.6,32.9,14.6,357.3,14.2,7,,2023-02-20T06:23:47,2023-02-20T17:12:57,0,Partially cloudy,Partly cloudy throughout the day.,partly-cloudy-day,"LWSK,13586099999,13576099999,13588099999,13590099999,D3068,13489099999,13591099999,13571099999,13575099999"
skopje,2/21/2023,18.5,-0.1,8.3,18.5,-2.5,7.7,-1.1,55.8,0,0,0,,0,0,18.4,10.7,251.4,1020.5,7.1,13.2,356,14.2,6,,2023-02-21T06:22:19,2023-02-21T17:14:12,0.04,Clear,Clear conditions throughout the day.,clear-day,"LWSK,13586099999,13576099999,13588099999,13590099999,D3068,13591099999,13571099999,13575099999"
skopje,2/22/2023,21,1.8,10.2,21,-0.3,9.7,0.2,53.9,0,0,0,,0,0,19.8,13.7,234,1016.2,7.9,14.7,351.5,13.9,6,,2023-02-22T06:20:51,2023-02-22T17:15:26,0.07,Clear,Clear conditions throughout the day.,clear-day,"LWSK,13586099999,13576099999,13588099999,13590099999,D3068,13489099999,13591099999,13571099999,13575099999"
skopje,2/23/2023,17.6,2,9.7,17.6,1.1,9.3,1.8,60.3,0,0,0,,0,0,16.9,9.9,224.5,1015.6,68.7,14.6,268,10.6,6,,2023-02-23T06:19:21,2023-02-23T17:16:41,0.1,Partially cloudy,Partly cloudy throughout the day.,partly-cloudy-day,"LWSK,13493099999,13586099999,13576099999,13588099999,13590099999,D3068,13489099999,13591099999,13585099999,13571099999,13575099999"
skopje,2/24/2023,17.8,4.6,10.2,17.8,2.2,9.4,5.1,72.9,0,0,0,,0,0,19.1,14.8,212.5,1014.6,47,11.2,343.1,13.5,6,,2023-02-24T06:17:50,2023-02-24T17:17:54,0.14,Partially cloudy,Partly cloudy throughout the day.,partly-cloudy-day,"LWSK,13586099999,13576099999,13588099999,13590099999,D3068,13591099999,13585099999,13571099999,13575099999"
skopje,2/25/2023,15.4,6.5,11.2,15.4,5.1,11.1,5.6,71,0,0,0,,0,0,68.4,12,91.6,1008.1,69.3,11.3,157.6,6.2,3,,2023-02-25T06:16:18,2023-02-25T17:19:08,0.17,Partially cloudy,Partly cloudy throughout the day.,partly-cloudy-day,"LWSK,13586099999,13576099999,13588099999,13590099999,D3068,13591099999,13571099999,13575099999"
skopje,2/26/2023,18.5,10.6,14.6,18.5,10.6,14.6,4.8,52.8,0,0,0,,0,0,82.8,29.5,124.6,1003,77.7,12.5,233.6,9.1,7,,2023-02-26T06:14:46,2023-02-26T17:20:21,0.2,Partially cloudy,Partly cloudy throughout the day.,partly-cloudy-day,"LWSK,13586099999,13576099999,13588099999,13590099999,D3068,13489099999,13591099999,13571099999,13575099999"
skopje,2/27/2023,12.8,5.1,8.3,12.8,1.1,6.6,5,79.7,3.59,100,8.33,rain,0,0,55.1,24.5,312.8,1015.3,79.9,13.7,102.1,4.1,2,,2023-02-27T06:13:13,2023-02-27T17:21:34,0.25,"Rain, Partially cloudy",Partly cloudy throughout the day with rain.,rain,"LWSK,13586099999,13576099999,13588099999,13590099999,D3068,13591099999,13571099999,13575099999"
skopje,2/28/2023,12.3,4.6,8,12.3,3.2,7.5,4.3,77.7,0,0,0,,0,0,13.3,14.7,23,1022.3,91.1,10.8,175.8,7.6,4,,2023-02-28T06:11:38,2023-02-28T17:22:47,0.27,Overcast,Cloudy skies throughout the day.,cloudy,"LWSK,13586099999,13576099999,13588099999,13590099999,D3068,13591099999,13571099999,13575099999"
skopje,3/1/2023,10,6.3,8.1,10,4.8,7.6,6.1,87.6,0.139,100,16.67,rain,0,0,11.2,10.8,65.6,1019.9,99.5,9.8,84.8,3.2,2,,2023-03-01T06:10:04,2023-03-01T17:23:59,0.3,"Rain, Overcast",Cloudy skies throughout the day with a chance of rain throughout the day.,rain,"LWSK,13586099999,13576099999,13588099999,13590099999,D3068,13591099999,13585099999,13571099999,13575099999"
skopje,3/2/2023,12,7,8.8,12,6.8,8.5,7.5,92.1,12.198,100,12.5,rain,0,0,15.1,14,72.2,1017.7,94,9.4,116.2,4.9,3,,2023-03-02T06:08:28,2023-03-02T17:25:11,0.33,"Rain, Overcast",Cloudy skies throughout the day with rain.,rain,"LWSK,13493099999,13586099999,13576099999,13588099999,13590099999,13489099999,D3068,13591099999,13585099999,13575099999"
skopje,3/3/2023,12.6,6.8,9,12.6,5.2,8.7,6.5,85.8,1.292,100,8.33,rain,0,0,19.4,16.6,58.8,1015.9,84.4,10.7,227.5,9.1,6,,2023-03-03T06:06:52,2023-03-03T17:26:23,0.37,"Rain, Partially cloudy",Partly cloudy throughout the day with rain.,rain,"LWSK,13493099999,13586099999,13576099999,13590099999,13588099999,D3068,13489099999,13591099999,13585099999,13575099999"
skopje,3/4/2023,8.6,6.1,7.1,8.6,6,7.1,5,86.2,3.631,100,12.5,rain,0,0,12.2,6.7,153.8,1016,96.9,9.9,103.7,4.1,3,,2023-03-04T06:05:15,2023-03-04T17:27:34,0.4,"Rain, Overcast",Cloudy skies throughout the day with rain.,rain,"LWSK,13586099999,13576099999,13588099999,13590099999,D3068,13571099999,13575099999"
skopje,3/5/2023,10.8,4.7,7.8,10.8,4,7.2,2.8,72.6,0.123,100,8.33,rain,0,0,18,23.6,293.6,1011.9,85.9,11,158.5,6.8,3,,2023-03-05T06:03:37,2023-03-05T17:28:46,0.43,"Rain, Partially cloudy",Partly cloudy throughout the day with rain in the morning and afternoon.,rain,"LWSK,13586099999,13576099999,13588099999,13590099999,D3068,13571099999,13575099999"
skopje,3/6/2023,13,-0.6,6.1,13,-2.9,5.4,0.6,69.8,0,0,0,,0,0,21.6,7.3,278.1,1012.4,49.2,11.6,234.6,10.9,6,,2023-03-06T06:01:59,2023-03-06T17:29:56,0.46,Partially cloudy,Partly cloudy throughout the day.,partly-cloudy-day,"LWSK,13586099999,13576099999,13588099999,13590099999,D3068,13489099999,13591099999,13571099999,13575099999"
skopje,3/7/2023,17.5,2.6,9.4,17.5,0.8,8.9,1.9,62.9,0,0,0,,0,0,19.4,8,103.5,1009,29.1,15,256.2,12.2,7,,2023-03-07T06:00:20,2023-03-07T17:31:07,0.5,Partially cloudy,Partly cloudy throughout the day.,partly-cloudy-day,"LWSK,13586099999,13576099999,13588099999,13590099999,D3068,13489099999,13571099999,13575099999"
skopje,3/8/2023,15.2,1.5,7.9,15.2,0.7,7.3,2.3,70.1,0.002,100,4.17,rain,0,0,43.2,10.3,318.7,1011.3,44.6,12.1,258.5,11.1,7,,2023-03-08T05:58:41,2023-03-08T17:32:17,0.53,"Rain, Partially cloudy",Partly cloudy throughout the day with afternoon rain.,rain,"LWSK,13586099999,13576099999,13588099999,13590099999,D3068,13571099999,13575099999"
skopje,3/9/2023,20.4,3,11.3,20.4,1.3,11,3.4,61.7,0,0,0,,0,0,46.8,14.4,305.1,1009.9,43.6,15,85.5,3.9,2,,2023-03-09T05:57:01,2023-03-09T17:33:27,0.57,Partially cloudy,Partly cloudy throughout the day.,partly-cloudy-day,"LWSK,13493099999,13586099999,13576099999,13588099999,13590099999,D3068,13489099999,13591099999,13585099999,13571099999,13575099999"
skopje,3/10/2023,13.3,7.8,10.5,13.3,6.7,10.4,7.5,82.1,0.362,100,8.33,rain,0,0,35.6,10.2,250.4,1005.4,73.7,11.5,56.5,2.7,2,,2023-03-10T05:55:21,2023-03-10T17:34:37,0.6,"Rain, Partially cloudy",Partly cloudy throughout the day with rain.,rain,"LWSK,13586099999,13576099999,13588099999,13590099999,D3068,13571099999,13575099999"
skopje,3/11/2023,14.8,4.4,9.7,14.8,1.1,8.9,6.2,80.5,9.944,100,16.67,rain,0,0,68.4,19.3,291.6,1000.7,76.6,11.1,118.3,5.1,3,,2023-03-11T05:53:40,2023-03-11T17:35:47,0.64,"Rain, Partially cloudy",Partly cloudy throughout the day with a chance of rain throughout the day.,rain,"LWSK,13586099999,13576099999,13588099999,13590099999,D3068,13571099999,13575099999"
skopje,3/12/2023,10.4,3.2,6.5,10.4,0.3,4.7,-3,52.6,0.002,100,4.17,rain,0,0,50.4,24.8,328.3,1014.5,40.1,12.9,364.8,17.1,8,,2023-03-12T05:51:59,2023-03-12T17:36:56,0.67,"Rain, Partially cloudy",Partly cloudy throughout the day with early morning rain.,rain,"LWSK,13586099999,13576099999,13588099999,13590099999,D3068,13591099999,13571099999,13575099999"
skopje,3/13/2023,14,-2,5.7,14,-4.6,4.6,-4.8,50.9,0,0,0,,0,0,16.2,14.3,298.4,1022,11.2,15.7,400.2,18.8,7,,2023-03-13T05:50:18,2023-03-13T17:38:05,0.71,Clear,Clear conditions throughout the day.,clear-day,"LWSK,13586099999,13576099999,13588099999,13590099999,D3068,13489099999,13591099999,13571099999,13575099999"
skopje,3/14/2023,16.9,-0.5,7.8,16.9,-3.4,7.4,-1.7,54,0,0,0,,0,0,20.5,10.6,115.7,1014.2,62.7,14.3,321.4,15.1,6,,2023-03-14T05:48:36,2023-03-14T17:39:14,0.74,Partially cloudy,Partly cloudy throughout the day.,partly-cloudy-day,"LWSK,13586099999,13576099999,13588099999,13590099999,D3068,13591099999,13571099999,13575099999"
skopje,3/15/2023,9,4.6,6.4,8.6,-0.3,4.8,3.4,81.8,6.96,100,8.33,rain,0,0,19.1,33.5,307,1005.8,94.3,11.2,46.3,1.9,1,,2023-03-15T05:46:54,2023-03-15T17:40:23,0.75,"Rain, Overcast",Cloudy skies throughout the day with rain in the morning and afternoon.,rain,"LWSK,13586099999,13576099999,13588099999,13590099999,D3068,13489099999,13591099999,13585099999,13571099999,13575099999"
skopje,3/16/2023,7.1,3.9,5.1,4,-0.2,1.7,-1.6,62.5,0.504,100,8.33,rain,0,0,66.6,27.1,307.5,1015.8,92.5,13.5,179.5,8.4,4,,2023-03-16T05:45:12,2023-03-16T17:41:32,0.81,"Rain, Overcast",Cloudy skies throughout the day with rain.,rain,"LWSK,13586099999,13576099999,13588099999,13590099999,D3068,13591099999,13571099999,13575099999"
skopje,3/17/2023,10.8,2.4,6.1,10.8,-0.4,4,-1.2,60,0.003,100,4.17,rain,0,0.1,21.2,20.4,312.7,1022.1,60.9,12.5,315.1,14.8,10,,2023-03-17T05:43:30,2023-03-17T17:42:40,0.85,"Rain, Partially cloudy",Partly cloudy throughout the day with early morning rain.,rain,"LWSK,13586099999,13576099999,13588099999,13590099999,D3068,13591099999,13571099999,13575099999"
skopje,3/18/2023,15,-1,6.7,15,-2.9,6,-2.1,57.2,0,0,0,,0,0,18.4,11.4,99.8,1021.3,11.2,15,418.1,19.5,8,,2023-03-18T05:41:47,2023-03-18T17:43:48,0.88,Clear,Clear conditions throughout the day.,clear-day,"LWSK,13586099999,13576099999,13588099999,13590099999,D3068,13489099999,13591099999,13571099999,13575099999"
skopje,3/19/2023,17.6,-1,8,17.6,-1.5,7.6,-2.5,52.4,0,0,0,,0,0,17.6,10,274.3,1022,13.2,13.1,416.3,19.4,8,,2023-03-19T05:40:04,2023-03-19T17:44:56,0.92,Clear,Clear conditions throughout the day.,clear-day,"LWSK,13586099999,13576099999,13588099999,13590099999,D3068,13591099999,13571099999,13575099999"
skopje,3/20/2023,19.5,2,10.8,19.5,1.3,10.7,0.3,51.8,0,0,0,,0,0,17.3,10,247.6,1018.7,58.3,16.2,356.4,16.7,7,,2023-03-20T05:38:21,2023-03-20T17:46:04,0.96,Partially cloudy,Partly cloudy throughout the day.,partly-cloudy-day,"LWSK,13493099999,13586099999,13576099999,13588099999,13590099999,D3068,13489099999,13591099999,13585099999,13571099999,13575099999"
skopje,3/21/2023,16.5,6.7,10.7,16.5,6.7,10.5,5.8,73.3,3,100,4.17,rain,0,0,20.2,10.6,226.2,1014.2,83.6,10.7,140.5,6.5,4,,2023-03-21T05:36:38,2023-03-21T17:47:12,0,"Rain, Partially cloudy",Partly cloudy throughout the day with late afternoon rain.,rain,"LWSK,13586099999,13576099999,13588099999,13590099999,D3068,13489099999,13591099999,13571099999,13575099999"
skopje,3/22/2023,18.1,8.3,12,18.1,6.5,11.7,6.4,71.2,13.257,100,8.33,rain,0,0,32.4,17.2,270.9,1014.5,64.3,11.1,358.3,16.9,10,,2023-03-22T05:34:55,2023-03-22T17:48:19,0.02,"Rain, Partially cloudy",Partly cloudy throughout the day with rain clearing later.,rain,"LWSK,13586099999,13576099999,13588099999,13590099999,D3068,13591099999,13571099999,13575099999"
skopje,3/23/2023,20,3.9,11.6,20,3.9,11.4,3.8,63,0,0,0,,0,0,18.7,10.2,18.5,1016.6,19.7,14.5,472.6,20.2,8,,2023-03-23T05:33:11,2023-03-23T17:49:27,0.06,Clear,Clear conditions throughout the day.,clear-day,"LWSK,13586099999,13576099999,13588099999,13590099999,13489099999,D3068,13591099999,13571099999,13575099999"
skopje,3/24/2023,22.6,4.6,13.1,22.6,2.9,12.7,4.3,59.1,0,0,0,,0,0,43.2,10.4,322.5,1015.9,25.9,12.9,441.8,19.1,8,,2023-03-24T05:31:28,2023-03-24T17:50:34,0.09,Partially cloudy,Partly cloudy throughout the day.,partly-cloudy-day,"LWSK,13586099999,13576099999,13588099999,13590099999,D3068,13489099999,13591099999,13571099999,13575099999"
skopje,3/25/2023,22.2,6.2,13.7,22.2,4.8,13.4,5.3,60.2,0,0,0,,0,0,17.3,13.9,350.6,1011.3,30,15.4,272.2,12.7,7,,2023-03-25T05:29:45,2023-03-25T17:51:41,0.12,Partially cloudy,Partly cloudy throughout the day.,partly-cloudy-day,"LWSK,13586099999,13576099999,13588099999,13590099999,D3068,13591099999,13571099999,13575099999"
skopje,3/26/2023,20.8,11.1,15.3,20.8,11.1,15.3,1.7,42.2,0,0,0,,0,0,43.2,18,322.4,1010.9,27.4,15.4,456.3,21.3,8,,2023-03-26T06:28:02,2023-03-26T18:52:48,0.15,Partially cloudy,Partly cloudy throughout the day.,partly-cloudy-day,"LWSK,13586099999,13576099999,13588099999,13590099999,D3068,13591099999,13571099999,13575099999"
skopje,3/27/2023,14,6.6,10,14,3.5,9.3,4.1,67.1,2.056,100,8.33,rain,0,0,68.4,21.1,324,1002.9,65.8,12.6,173,8.1,7,,2023-03-27T06:26:19,2023-03-27T18:53:55,0.18,"Rain, Partially cloudy",Partly cloudy throughout the day with rain.,rain,"LWSK,13586099999,13576099999,13588099999,13590099999,D3068,13591099999,13571099999,13575099999"
skopje,3/28/2023,8.5,2.4,5.6,5.9,-2,1.6,-5.6,46.8,1.175,100,4.17,rain,0,0,72,35.2,318.5,1015.8,73,14.3,430.9,20.1,10,,2023-03-28T06:24:36,2023-03-28T18:55:02,0.22,"Rain, Partially cloudy",Partly cloudy throughout the day with early morning rain.,rain,"LWSK,13493099999,13586099999,13576099999,13588099999,13590099999,D3068,13591099999,13571099999,13575099999"
skopje,3/29/2023,13,2.3,7.1,13,-1.7,5.1,-8.6,33.3,0,0,0,,0,0,57.6,34.2,313.7,1025.2,27.8,15.4,340.6,15.8,8,,2023-03-29T06:22:53,2023-03-29T18:56:09,0.25,Partially cloudy,Partly cloudy throughout the day.,partly-cloudy-day,"LWSK,13586099999,13576099999,13588099999,13590099999,D3068,13591099999,13585099999,13571099999,13575099999"
skopje,3/30/2023,18.6,0.1,9.2,18.6,-2.2,8.5,-2.7,46.3,0,0,0,,0,0,43.2,10.3,103.7,1022.6,48.6,15.5,438.2,20.4,8,,2023-03-30T06:21:10,2023-03-30T18:57:16,0.28,Partially cloudy,Partly cloudy throughout the day.,partly-cloudy-day,"LWSK,13586099999,13576099999,13588099999,13590099999,D3068,13591099999,13571099999,13575099999"
skopje,3/31/2023,21.8,5,13.6,21.8,3.5,13.5,2,48.4,0,0,0,,0,0,23.8,9.9,65.7,1014.2,48.6,13,436.1,20.4,9,,2023-03-31T06:19:28,2023-03-31T18:58:22,0.31,Partially cloudy,Partly cloudy throughout the day.,partly-cloudy-day,"LWSK,13586099999,13576099999,13588099999,13590099999,D3068,13591099999,13571099999,13575099999"
skopje,4/1/2023,19.7,9.2,14.1,19.7,8.3,14.1,3.7,51.1,0.416,100,4.17,rain,0,0,93.6,27,260.2,1004.9,55.1,15.1,109.6,5.1,5,,2023-04-01T06:17:45,2023-04-01T18:59:29,0.35,"Rain, Partially cloudy",Partly cloudy throughout the day with afternoon rain.,rain,"LWSK,13586099999,13576099999,13588099999,13590099999,13489099999,D3068,13591099999,13571099999,13575099999"
skopje,4/2/2023,18.8,5.8,12,18.8,5,11.8,3.6,60.3,0,0,0,,0,0,15.5,10.4,337.6,1008.8,60.9,15,393.8,18.4,9,,2023-04-02T06:16:03,2023-04-02T19:00:36,0.38,Partially cloudy,Partly cloudy throughout the day.,partly-cloudy-day,"LWSK,13586099999,13588099999,13590099999,D3068,13571099999,13575099999"
skopje,4/3/2023,13.5,3.8,9.2,13.5,-0.9,7.8,4.3,72.8,9.07,100,8.33,rain,0,0,29.2,35,289.5,1007.4,91.6,11.3,177.1,8.3,3,,2023-04-03T06:14:22,2023-04-03T19:01:42,0.41,"Rain, Overcast",Cloudy skies throughout the day with rain.,rain,"LWSK,13586099999,13588099999,13590099999,D3068,13571099999,13575099999"
skopje,4/4/2023,7,2.1,4.5,2.5,-2.7,-0.2,-0.6,69.8,6.599,100,12.5,rain,0,0,50,37.2,317.7,1008.4,96.2,12,145,6.9,5,,2023-04-04T06:12:40,2023-04-04T19:02:49,0.44,"Rain, Overcast",Cloudy skies throughout the day with a chance of rain throughout the day.,rain,"LWSK,13586099999,13588099999,13590099999,D3068,13571099999,13575099999"
skopje,4/5/2023,8.2,1.8,4.5,5.3,-1.5,1.8,-2.2,62.7,0.009,100,8.33,"rain,snow",0,0.1,19.8,18.4,297.3,1016.1,91.7,11.8,357.2,16.8,9,,2023-04-05T06:10:59,2023-04-05T19:03:56,0.47,"Snow, Rain, Overcast",Cloudy skies throughout the day with rain or snow clearing later.,rain,"LWSK,13586099999,13588099999,13590099999,D3068,13571099999,13575099999"
skopje,4/6/2023,8.7,2,5,5.9,0.4,3,-2.7,59,0,0,0,,0,0,25.2,21.6,304.6,1015.9,91.1,12.5,209.6,9.9,5,,2023-04-06T06:09:19,2023-04-06T19:05:02,0.5,Overcast,Cloudy skies throughout the day.,cloudy,"LWSK,13586099999,13588099999,13590099999,D3068,13571099999,13575099999"
skopje,4/7/2023,14.1,-1.3,6.8,14.1,-5.6,5.8,-3.3,51.6,0,0,0,,0,0,23,13.2,258.3,1016.9,40.3,15.1,267.2,13.5,6,,2023-04-07T06:07:38,2023-04-07T19:06:09,0.54,Partially cloudy,Becoming cloudy in the afternoon.,partly-cloudy-day,"LWSK,13586099999,13588099999,13590099999,D3068,13571099999,13575099999"
skopje,4/8/2023,16.5,1.6,9,16.5,-0.5,8.3,0.5,57.4,0,0,0,,0,0,23,14,121.1,1018,55,13.3,510.1,23.8,10,,2023-04-08T06:05:58,2023-04-08T19:07:15,0.58,Partially cloudy,Partly cloudy throughout the day.,partly-cloudy-day,"LWSK,13586099999,13588099999,13590099999,D3068,13571099999,13575099999"
skopje,4/9/2023,10.8,7,8.4,10.8,5.7,7.9,5.9,84.7,4.292,100,16.67,rain,0,0,19.1,10.2,95.3,1019.2,98.2,10.1,88.1,4.1,2,,2023-04-09T06:04:19,2023-04-09T19:08:22,0.62,"Rain, Overcast",Cloudy skies throughout the day with a chance of rain throughout the day.,rain,"LWSK,13586099999,13588099999,13590099999,D3068,13571099999,13575099999"
skopje,4/10/2023,14.2,6.7,9.7,14.2,5.9,9.2,5.3,76.4,10.408,100,12.5,rain,0,0,24.1,20.7,309.6,1016.9,85.7,10.9,347.4,16.3,10,,2023-04-10T06:02:40,2023-04-10T19:09:28,0.65,"Rain, Partially cloudy",Partly cloudy throughout the day with a chance of rain throughout the day.,rain,"LWSK,13586099999,13588099999,13590099999,D3068,13571099999,13575099999"
skopje,4/11/2023,14.5,7.9,10.8,14.5,6,9.8,3,59.5,0,0,0,,0,0,38.9,24.2,297.3,1013.7,78.7,13.1,308.8,14.4,10,,2023-04-11T06:01:02,2023-04-11T19:10:35,0.69,Partially cloudy,Partly cloudy throughout the day.,partly-cloudy-day,"LWSK,13586099999,13588099999,13590099999,D3068,13571099999,13575099999"
skopje,4/12/2023,17.4,7,11.8,17.4,5.1,11.4,1.2,50.5,0,0,0,,0,0,40,23.3,313.6,1009,41.4,12.9,369.5,17.4,10,,2023-04-12T05:59:24,2023-04-12T19:11:41,0.72,Partially cloudy,Partly cloudy throughout the day.,partly-cloudy-day,"LWSK,13586099999,13588099999,13590099999,D3068,13571099999,13575099999"
skopje,4/13/2023,21.6,3,12.5,21.6,2.8,12.2,1.4,49.6,0,0,0,,0,0,27.7,14.1,87.2,1008.7,27.5,15.6,463.9,23.3,10,,2023-04-13T05:57:47,2023-04-13T19:12:48,0.75,Partially cloudy,Partly cloudy throughout the day.,partly-cloudy-day,"LWSK,13586099999,13588099999,13590099999,D3068,13571099999,13575099999"
skopje,4/14/2023,18.8,7.7,12.5,18.8,6.1,12.1,2.5,54.3,1.049,100,12.5,rain,0,0,54,27.2,230.4,1006.7,59.7,13,322.9,17.4,9,,2023-04-14T05:56:10,2023-04-14T19:13:54,0.79,"Rain, Partially cloudy",Partly cloudy throughout the day with rain.,rain,"LWSK,13586099999,13588099999,13590099999,D3068,13571099999,13575099999"
skopje,4/15/2023,18.2,5.2,12,18.2,4.4,11.7,2.2,53.5,0,0,0,,0,0,26.6,16.6,15.3,1010.7,47.3,15.5,348.9,17.6,10,,2023-04-15T05:54:34,2023-04-15T19:15:01,0.83,Partially cloudy,Partly cloudy throughout the day.,partly-cloudy-day,"LWSK,13586099999,13588099999,13590099999,D3068,13571099999,13575099999"
skopje,4/16/2023,15.9,8,11.9,15.9,7.4,11.7,6.1,68.8,0.774,100,8.33,rain,0,0,21.2,10.5,252.2,1010.2,78.8,12.5,210.9,10.5,7,,2023-04-16T05:52:59,2023-04-16T19:16:08,0.87,"Rain, Partially cloudy",Partly cloudy throughout the day with rain in the morning and afternoon.,rain,"LWSK,13586099999,13588099999,13590099999,D3068,13571099999,13575099999"
skopje,4/17/2023,17.2,9.2,11.6,17.2,7.6,11.4,8.6,82.5,7.631,100,16.67,rain,0,0,35.3,13.6,140.6,1009.2,84.9,11.6,220.2,10.4,5,,2023-04-17T05:51:25,2023-04-17T19:17:14,0.9,"Rain, Partially cloudy",Partly cloudy throughout the day with a chance of rain throughout the day.,rain,"LWSK,13586099999,13588099999,13590099999,D3068,13571099999,13575099999"
skopje,4/18/2023,17.5,7.3,11.7,17.5,7,11.6,7.8,78.6,0.816,100,12.5,rain,0,0,20.9,14.7,54.2,1011.6,76.4,11.8,341.9,17.1,10,,2023-04-18T05:49:51,2023-04-18T19:18:21,0.94,"Rain, Partially cloudy",Partly cloudy throughout the day with rain.,rain,"LWSK,13586099999,13588099999,13590099999,D3068,13571099999,13575099999"
skopje,4/19/2023,17.3,9.4,12.1,17.3,7.8,11.9,7.3,74,2.119,100,8.33,rain,0,0,23,27,312.8,1012.8,78.8,14.1,209.5,9.9,6,,2023-04-19T05:48:18,2023-04-19T19:19:27,0.97,"Rain, Partially cloudy",Partly cloudy throughout the day with rain.,rain,"LWSK,13586099999,13588099999,13590099999,D3068,13571099999,13575099999"
skopje,4/20/2023,18.7,7.8,13.3,18.7,6.7,13.2,5.9,63.7,0,0,0,,0,0,22,20.6,308.5,1013.3,46.8,12.5,302.6,15.3,8,,2023-04-20T05:46:46,2023-04-20T19:20:34,0,Partially cloudy,Partly cloudy throughout the day.,partly-cloudy-day,"LWSK,13586099999,13588099999,13590099999,D3068,13571099999,13575099999"
skopje,4/21/2023,20.5,6.8,13.9,20.5,4.8,13.4,4.8,57,0,0,0,,0,0,18,10.7,272.1,1012.7,39.2,13.8,379.5,20.5,9,,2023-04-21T05:45:14,2023-04-21T19:21:40,0.04,Partially cloudy,Partly cloudy throughout the day.,partly-cloudy-day,"LWSK,13586099999,13588099999,13590099999,D3068,13571099999,13575099999"
skopje,4/22/2023,21.5,8.4,14.2,21.5,7.2,14,5.4,58.1,0.098,100,4.17,rain,0,0,17.6,14.1,278.8,1013.6,51.5,12.7,453.4,24.4,10,,2023-04-22T05:43:44,2023-04-22T19:22:47,0.07,"Rain, Partially cloudy",Partly cloudy throughout the day with afternoon rain.,rain,"LWSK,13586099999,13588099999,13590099999,D3068,13571099999,13575099999"
skopje,4/23/2023,21.8,6.2,14.4,21.8,4.9,14.3,5.6,59.8,0,0,0,,0,0,23.4,10.9,88.7,1014.8,25.7,14.5,426.4,23,9,,2023-04-23T05:42:14,2023-04-23T19:23:53,0.1,Partially cloudy,Partly cloudy throughout the day.,partly-cloudy-day,"LWSK,13586099999,13588099999,13590099999,D3068,13571099999,13575099999"
skopje,4/24/2023,20.2,7.5,13.8,20.2,6.5,13.6,8.6,72.5,0.695,100,4.17,rain,0,0,36.7,13.5,134.2,1012.1,56.4,14.7,229.9,11.5,8,,2023-04-24T05:40:46,2023-04-24T19:25:00,0.14,"Rain, Partially cloudy",Partly cloudy throughout the day with late afternoon rain.,rain,"LWSK,13586099999,13588099999,13590099999,D3068,13571099999,13575099999"
skopje,4/25/2023,20.7,10.4,14.1,20.7,10.4,14.1,8.6,72.6,0.19,100,12.5,rain,0,0,38.2,20.8,270.9,1007.5,66,11.5,231.9,11.6,7,,2023-04-25T05:39:18,2023-04-25T19:26:06,0.17,"Rain, Partially cloudy",Partly cloudy throughout the day with rain.,rain,"LWSK,13586099999,13588099999,13590099999,D3068,13571099999,13575099999"
skopje,4/26/2023,12.1,7.9,9.4,12.1,6,8.5,6.5,82.4,15.236,100,12.5,rain,0,0,36.7,20.6,285.2,1010.5,78.9,11.4,112.5,6.1,3,,2023-04-26T05:37:52,2023-04-26T19:27:13,0.2,"Rain, Partially cloudy",Partly cloudy throughout the day with rain.,rain,"LWSK,13586099999,13588099999,13590099999,D3068,13571099999,13575099999"
skopje,4/27/2023,16.2,6.5,11,16.2,4.4,10.3,-0.5,46.6,3.007,100,8.33,rain,0,0,37.1,21.7,314.1,1017.3,28,13.5,398,21.6,10,,2023-04-27T05:36:26,2023-04-27T19:28:19,0.25,"Rain, Partially cloudy",Becoming cloudy in the afternoon with rain clearing later.,rain,"LWSK,13586099999,13588099999,13590099999,D3068,13571099999,13575099999"
skopje,4/28/2023,19,3.8,12,19,1.2,11.4,-0.5,45.4,0,0,0,,0,0,19.1,17.4,299.9,1020.3,31.3,15.2,475.9,25.5,9,,2023-04-28T05:35:02,2023-04-28T19:29:25,0.26,Partially cloudy,Partly cloudy throughout the day.,partly-cloudy-day,"LWSK,13586099999,13588099999,13590099999,D3068,13571099999,13575099999"
skopje,4/29/2023,17.2,6.6,12.1,17.2,5.4,11.9,5.4,65,0.138,100,4.17,rain,0,0,15.5,10.2,338.9,1016.1,82.6,14.3,197.2,9.8,7,,2023-04-29T05:33:38,2023-04-29T19:30:31,0.3,"Rain, Partially cloudy",Partly cloudy throughout the day with late afternoon rain.,rain,"LWSK,13586099999,13588099999,13590099999,D3068,13571099999,13575099999"
skopje,4/30/2023,21.5,8.9,15.2,21.5,7.4,15.1,7.8,63.9,0,0,0,,0,0,23.8,23.9,264.5,1014.1,56.3,13.3,453.1,24.4,10,,2023-04-30T05:32:16,2023-04-30T19:31:37,0.33,Partially cloudy,Partly cloudy throughout the day.,partly-cloudy-day,"LWSK,13586099999,13588099999,13590099999,D3068,13571099999,13575099999"
skopje,5/1/2023,22.5,7.9,15.3,22.5,7.9,15.3,8.2,65.5,0,0,0,,0,0,30.2,19.4,120.8,1017.1,38.1,15,416.4,22.5,10,,2023-05-01T05:30:55,2023-05-01T19:32:43,0.36,Partially cloudy,Partly cloudy throughout the day.,partly-cloudy-day,"LWSK,13586099999,13588099999,13590099999,D3068,13571099999,13575099999"
skopje,5/2/2023,20.7,10.1,15.7,20.7,10.1,15.7,7.1,60.1,0,0,0,,0,0,43.9,23.9,122.2,1018.5,51.4,12.8,414.9,22.6,8,,2023-05-02T05:29:35,2023-05-02T19:33:48,0.39,Partially cloudy,Partly cloudy throughout the day.,partly-cloudy-day,"LWSK,13586099999,13590099999,13588099999,D3068,13571099999,13575099999"
skopje,5/3/2023,17.4,12.3,14.1,17.4,12.3,14.1,8.6,70.6,0.425,100,12.5,rain,0,0,33.8,14.2,78.4,1018.4,94.6,13.9,168.6,9.2,4,,2023-05-03T05:28:16,2023-05-03T19:34:54,0.43,"Rain, Overcast",Cloudy skies throughout the day with rain.,rain,"LWSK,13586099999,13588099999,13590099999,D3068,13571099999,13575099999"
skopje,5/4/2023,17.8,11.9,14.1,17.8,11.9,14.1,10.5,80,0.12,100,8.33,rain,0,0,16.2,10.7,297,1018.2,88.1,12.6,216.8,11.7,8,,2023-05-04T05:26:59,2023-05-04T19:35:59,0.46,"Rain, Partially cloudy",Partly cloudy throughout the day with rain.,rain,"LWSK,13586099999,13588099999,13590099999,D3068,13571099999,13575099999"
skopje,5/5/2023,20.9,10.5,15.9,20.9,10.5,15.9,8,61,0,0,0,,0,0,19.8,16.8,291,1018.5,54.8,13,286.6,15.4,10,,2023-05-05T05:25:43,2023-05-05T19:37:04,0.5,Partially cloudy,Becoming cloudy in the afternoon.,partly-cloudy-day,"LWSK,13586099999,13588099999,13590099999,D3068,13571099999,13575099999"
skopje,5/6/2023,23.4,9.4,16.6,23.4,9.4,16.6,7.7,58.4,0,0,0,,0,0,21.2,13.5,262.5,1016.4,23.7,15,288.8,13.6,9,,2023-05-06T05:24:28,2023-05-06T19:38:09,0.52,Partially cloudy,Becoming cloudy in the afternoon.,partly-cloudy-day,"LWSK,13586099999,13588099999,13590099999,D3068,13571099999,13575099999"
skopje,5/7/2023,26.6,8,17.4,26.6,8,17.3,8.3,59.3,0,0,0,,0,0,19.4,10.2,68.3,1016.8,21.9,12.7,481.6,26,10,,2023-05-07T05:23:15,2023-05-07T19:39:14,0.56,Partially cloudy,Partly cloudy throughout the day.,partly-cloudy-day,"LWSK,13586099999,13588099999,13590099999,D3068,13571099999,13575099999"
skopje,5/8/2023,25.2,12.4,17.5,25.2,12.4,17.5,11.2,68.7,0.071,100,4.17,rain,0,0,59.4,35.4,289.9,1017.4,64,14.4,334.6,16.8,10,,2023-05-08T05:22:03,2023-05-08T19:40:18,0.6,"Rain, Partially cloudy",Partly cloudy throughout the day with late afternoon rain.,rain,"LWSK,13586099999,13588099999,13590099999,D3068,13571099999,13575099999"
skopje,5/9/2023,16.8,12.3,14.1,16.8,12.3,14.1,11,82,5.02,100,8.33,rain,0,0,14,21.2,299.4,1018.7,95.3,11.2,138.4,7.6,5,,2023-05-09T05:20:52,2023-05-09T19:41:22,0.63,"Rain, Overcast",Cloudy skies throughout the day with rain.,rain,"LWSK,13586099999,13588099999,13590099999,D3068,13571099999,13575099999"
skopje,5/10/2023,14.8,10.9,12.5,14.8,10.9,12.5,10.1,85.6,4.356,100,12.5,rain,0,0,16.6,14.4,91.3,1017.4,98.7,11.3,174.3,9.3,5,,2023-05-10T05:19:43,2023-05-10T19:42:25,0.67,"Rain, Overcast",Cloudy skies throughout the day with a chance of rain throughout the day.,rain,"LWSK,13586099999,13588099999,13590099999,D3068,13571099999,13575099999"
skopje,5/11/2023,15,10.7,12.5,15,10.7,12.5,9.9,84.4,1.988,100,16.67,rain,0,0,14,10.8,92,1017.4,99.2,11.6,193.1,10.5,5,,2023-05-11T05:18:36,2023-05-11T19:43:29,0.7,"Rain, Overcast",Cloudy skies throughout the day with a chance of rain throughout the day.,rain,"LWSK,13586099999,13588099999,13590099999,D3068,13571099999,13575099999"
skopje,5/12/2023,20,10.9,14.6,20,10.9,14.6,10.5,78.3,0.593,100,12.5,rain,0,0,29.9,14.7,95.7,1017.5,79.3,11.5,322.9,17.6,9,,2023-05-12T05:17:30,2023-05-12T19:44:31,0.75,"Rain, Partially cloudy",Partly cloudy throughout the day with rain.,rain,"LWSK,13586099999,13588099999,13590099999,D3068,13571099999,13575099999"
skopje,5/13/2023,21.2,12.3,16,21.2,12.3,16,11.3,75.3,1.142,100,8.33,rain,0,0,25.2,10.9,101.8,1020.2,78.5,13.5,346.6,18.7,10,,2023-05-13T05:16:25,2023-05-13T19:45:34,0.78,"Rain, Partially cloudy",Partly cloudy throughout the day with rain.,rain,"LWSK,13586099999,13588099999,13590099999,D3068,13571099999,13575099999"
skopje,5/14/2023,17.1,12.5,14.4,17.1,12.5,14.4,12.4,88.3,10.207,100,16.67,rain,0,0,24.1,24.1,121.7,1019.4,98.4,11.7,100.4,5.3,6,,2023-05-14T05:15:23,2023-05-14T19:46:36,0.81,"Rain, Overcast",Cloudy skies throughout the day with a chance of rain throughout the day.,rain,"LWSK,13586099999,13588099999,13590099999,D3068,13571099999,13575099999"
skopje,5/15/2023,19.4,11.3,15.5,19.4,11.3,15.5,11.2,76.6,0.26,100,4.17,rain,0,0,17.3,13.6,131.5,1013.9,70.3,12.1,268.6,13.6,7,,2023-05-15T05:14:21,2023-05-15T19:47:37,0.85,"Rain, Partially cloudy",Partly cloudy throughout the day with early morning rain.,rain,"LWSK,13586099999,13590099999,D3068,13571099999,13575099999"
skopje,5/16/2023,18.8,12.6,15.8,18.8,12.6,15.8,13.2,84.8,0.963,100,12.5,rain,0,0,24.5,11.1,114.7,1009.3,70.1,11.9,209.4,11.5,7,,2023-05-16T05:13:22,2023-05-16T19:48:38,0.88,"Rain, Partially cloudy",Partly cloudy throughout the day with rain.,rain,"LWSK,13586099999,13590099999,13588099999,D3068,13571099999,13575099999"
skopje,5/17/2023,23.6,11.6,17.4,23.6,11.6,17.4,10.9,68.4,0.059,100,8.33,rain,0,0,21.6,13.7,244.9,1008.6,56.5,13.4,371.5,20.3,10,,2023-05-17T05:12:24,2023-05-17T19:49:38,0.92,"Rain, Partially cloudy",Partly cloudy throughout the day with rain.,rain,"LWSK,13586099999,13588099999,13590099999,D3068,13571099999,13575099999"
skopje,5/18/2023,17.9,13.3,15.2,17.9,13.3,15.2,11,76.5,0.143,100,12.5,rain,0,0,31.3,24.8,300.7,1014.2,90.7,13.3,117.6,6.2,4,,2023-05-18T05:11:28,2023-05-18T19:50:38,0.96,"Rain, Overcast",Cloudy skies throughout the day with a chance of rain throughout the day.,rain,"LWSK,13586099999,13588099999,13590099999,D3068,13571099999,13575099999"
skopje,5/19/2023,24,12.6,17.3,24,12.6,17.3,9.8,63.1,0,0,0,,0,0,19.4,14.8,285.3,1018.3,53.4,13.9,399,21.7,10,,2023-05-19T05:10:33,2023-05-19T19:51:37,0,Partially cloudy,Clearing in the afternoon.,partly-cloudy-day,"LWSK,13586099999,13588099999,13590099999,D3068,13571099999,13575099999"
skopje,5/20/2023,26,10.5,17.1,26,10.5,17.1,10.7,69.4,1.967,100,4.17,rain,0,0,28.8,17.3,131.5,1016,37,12.7,402.1,23.2,10,,2023-05-20T05:09:40,2023-05-20T19:52:35,0.02,"Rain, Partially cloudy",Becoming cloudy in the afternoon with late afternoon rain.,rain,"LWSK,13586099999,13588099999,13590099999,D3068,13571099999,13575099999"
skopje,5/21/2023,22.7,12,17.2,22.7,12,17.2,11.5,71.3,0.114,100,8.33,rain,0,0,25.9,13.8,277,1012,82.5,13.1,348.5,18.9,10,,2023-05-21T05:08:49,2023-05-21T19:53:32,0.06,"Rain, Partially cloudy",Partly cloudy throughout the day with rain.,rain,"LWSK,13586099999,13588099999,13590099999,D3068,13571099999,13575099999"
skopje,5/22/2023,22.6,13.2,17,22.6,13.2,17,11.9,72.8,0.949,100,4.17,rain,0,0,19.4,20.5,290.6,1012.2,61,12.6,306.1,17.8,10,,2023-05-22T05:08:00,2023-05-22T19:54:29,0.09,"Rain, Partially cloudy",Partly cloudy throughout the day with afternoon rain.,rain,"LWSK,13586099999,13588099999,13590099999,D3068,13571099999,13575099999"
skopje,5/23/2023,24.9,11.4,18.2,24.9,11.4,18.2,11,65.8,0,0,0,,0,0,21.2,20.3,315.2,1012.9,40.5,14.9,345.2,20.1,10,,2023-05-23T05:07:13,2023-05-23T19:55:25,0.12,Partially cloudy,Becoming cloudy in the afternoon.,partly-cloudy-day,"LWSK,13586099999,13588099999,13590099999,D3068,13571099999,13575099999"
skopje,5/24/2023,26.5,11.8,19,26.5,11.8,19,11.9,65.7,0.001,100,4.17,rain,0,0,18.4,10.6,292,1013.5,32.7,13.1,449.1,25.9,10,,2023-05-24T05:06:28,2023-05-24T19:56:20,0.15,"Rain, Partially cloudy",Becoming cloudy in the afternoon with afternoon rain.,rain,"LWSK,13586099999,13588099999,13590099999,D3068,13571099999,13575099999"
skopje,5/25/2023,25.8,14.9,19.1,25.8,14.9,19.1,13.1,69,1.563,100,8.33,rain,0,0,17.3,23.9,295.8,1015.8,53.6,13.2,297.4,17.3,10,,2023-05-25T05:05:44,2023-05-25T19:57:14,0.19,"Rain, Partially cloudy",Partly cloudy throughout the day with rain.,rain,"LWSK,13586099999,13588099999,13590099999,D3068,13571099999,13575099999"
skopje,5/26/2023,24.9,13.2,17.9,24.9,13.2,17.9,12.3,71.3,0.001,100,4.17,rain,0,0,22.3,20.1,308.2,1015.7,40.2,13,212.1,10.9,5,,2023-05-26T05:05:03,2023-05-26T19:58:08,0.22,"Rain, Partially cloudy",Partly cloudy throughout the day with afternoon rain.,rain,"LWSK,13586099999,13588099999,13590099999,D3068,13571099999,13575099999"
skopje,5/27/2023,24.5,12.6,18.2,24.5,12.6,18.2,11.8,67.5,0,0,0,,0,0,23,14.3,284.8,1014.9,58.2,14,331.9,19.1,10,,2023-05-27T05:04:23,2023-05-27T19:59:00,0.25,Partially cloudy,Partly cloudy throughout the day.,partly-cloudy-day,"LWSK,13586099999,13588099999,13590099999,D3068,13571099999,13575099999"
skopje,5/28/2023,23.5,15,19,23.5,15,19,13.3,70.1,11.276,100,8.33,rain,0,0,26.6,17.6,273.4,1012.7,65.2,13.6,412.3,22.4,10,,2023-05-28T05:03:45,2023-05-28T19:59:51,0.28,"Rain, Partially cloudy",Partly cloudy throughout the day with rain.,rain,"LWSK,13586099999,13588099999,13590099999,D3068,13571099999,13575099999"
skopje,5/29/2023,25,13.6,19.4,25,13.6,19.4,13.4,69.8,0.016,100,4.17,rain,0,0,42.5,11.3,299.5,1012.3,50.1,14.7,359,20.7,10,,2023-05-29T05:03:09,2023-05-29T20:00:41,0.31,"Rain, Partially cloudy",Partly cloudy throughout the day with late afternoon rain.,rain,"LWSK,13586099999,13588099999,13590099999,D3068,13571099999,13575099999"
skopje,5/30/2023,25.8,14,19,25.8,14,19,14.3,76.7,4.086,100,12.5,rain,0,0,40.7,13.3,308.2,1013.9,61.5,13,383.8,22.1,10,,2023-05-30T05:02:36,2023-05-30T20:01:30,0.35,"Rain, Partially cloudy",Becoming cloudy in the afternoon with rain.,rain,"LWSK,13586099999,13588099999,13590099999,D3068,13571099999,13575099999"
skopje,5/31/2023,22.5,13,17.8,22.5,13,17.8,15.1,85,7.919,100,16.67,rain,0,0,15.8,11,100.5,1016.6,77,12.2,185.5,10.9,5,,2023-05-31T05:02:04,2023-05-31T20:02:18,0.38,"Rain, Partially cloudy",Partly cloudy throughout the day with a chance of rain throughout the day.,rain,"LWSK,13586099999,13588099999,13590099999,D3068,13571099999,13575099999"
skopje,6/1/2023,25,14.7,19.3,25,14.7,19.3,14.4,75.9,0.376,100,4.17,rain,0,0,20.9,7.4,85,1015.6,55.3,12.4,310.5,16.9,9,,2023-06-01T05:01:34,2023-06-01T20:03:05,0.41,"Rain, Partially cloudy",Partly cloudy throughout the day with early morning rain.,rain,"LWSK,13586099999,13588099999,13590099999,D3068,13571099999,13575099999"
skopje,6/2/2023,27.5,14.1,20.8,27.3,14.1,20.7,13.2,65.2,0.002,100,4.17,rain,0,0,21.2,14.1,171.3,1011.9,27.3,14.5,288.5,25.1,10,30,2023-06-02T05:01:06,2023-06-02T20:03:50,0.44,"Rain, Partially cloudy",Partly cloudy throughout the day with late afternoon rain.,rain,"LWSK,13586099999,13576099999,13588099999,13590099999,D3068,13577099999,13571099999,13575099999"
skopje,6/3/2023,24.1,14.7,18.9,24.1,14.7,18.9,14.3,75.2,5.117,100,8.33,rain,0,0,25.9,12.4,316.2,1014.3,73.1,12.5,175,15.1,10,10,2023-06-03T05:00:41,2023-06-03T20:04:34,0.48,"Rain, Partially cloudy",Partly cloudy throughout the day with rain.,rain,"LWSK,13586099999,13576099999,13588099999,13590099999,BKPR,D3068,13591099999,13577099999,13571099999,13575099999"
skopje,6/4/2023,24.7,14,19.2,24.7,14,19.2,15,78.4,0.138,100,8.33,rain,0,0,17.6,7.9,93.4,1018.7,72.7,13.2,219.7,19.1,10,10,2023-06-04T05:00:17,2023-06-04T20:05:17,0.5,"Rain, Partially cloudy",Partly cloudy throughout the day with rain.,rain,"LWSK,13493099999,13489099999,13577099999,13481199999,13586099999,13576099999,BKPR,13590099999,D3068,13591099999,13585099999,13571099999,13575099999"
skopje,6/5/2023,26.3,15,20.1,26.3,15,20.1,15.4,76.4,0.307,100,8.33,rain,0,0,39.6,12.8,135.2,1018.6,60,12.7,324.1,28.2,10,10,2023-06-05T04:59:55,2023-06-05T20:05:58,0.54,"Rain, Partially cloudy",Partly cloudy throughout the day with rain.,rain,"LWSK,13493099999,13588099999,13489099999,13577099999,13481199999,13586099999,13576099999,BKPR,13590099999,D3068,13591099999,13585099999,13571099999,13575099999"
skopje,6/6/2023,27.5,15,21.6,27.4,15,21.6,14.9,69.1,0.901,100,8.33,rain,0,0,23.8,18.1,111.3,1016.4,53.5,13.5,184,16,10,10,2023-06-06T04:59:36,2023-06-06T20:06:38,0.58,"Rain, Partially cloudy",Partly cloudy throughout the day with rain clearing later.,rain,"LWSK,13493099999,13588099999,13489099999,13577099999,13481199999,13586099999,13576099999,BKPR,13590099999,D3068,13591099999,13585099999,13571099999,13575099999"
skopje,6/7/2023,25.2,15.9,20.9,25.2,15.9,20.9,13.8,65.3,1.159,100,12.5,rain,0,0,14.4,13.6,296.8,1015.6,64.4,14.2,149.5,12.9,5,10,2023-06-07T04:59:18,2023-06-07T20:07:17,0.62,"Rain, Partially cloudy",Partly cloudy throughout the day with rain.,rain,"LWSK,13588099999,13489099999,13577099999,13481199999,13586099999,13576099999,BKPR,13590099999,D3068,13591099999,13571099999,13575099999"
skopje,6/8/2023,27.8,15,21.5,28.4,15,21.5,14.6,67.8,0,0,0,rain,0,0,17.3,14.2,277.3,1013.3,58.6,12.7,237.8,20.3,10,30,2023-06-08T04:59:03,2023-06-08T20:07:53,0.65,Partially cloudy,Clearing in the afternoon.,partly-cloudy-day,"LWSK,13586099999,13576099999,13588099999,BKPR,13590099999,D3068,13489099999,13577099999,13571099999,13575099999,13481199999"
skopje,6/9/2023,29.8,14.8,21.9,29.1,14.8,21.8,14.8,68.4,0.6,100,16.67,rain,0,0,16.6,9.6,51.1,1012.6,44.4,9.8,321,27.7,10,10,2023-06-09T04:58:50,2023-06-09T20:08:29,0.69,"Rain, Partially cloudy",Clearing in the afternoon with rain.,rain,"LWSK,BKPR,D3068,13481199999"
skopje,6/10/2023,26.6,14,20.6,26.6,14,20.6,15.3,74.2,0.2,100,8.33,rain,0,0,18.4,27,5.6,1010.9,46.1,10,273.5,23.6,9,10,2023-06-10T04:58:39,2023-06-10T20:09:02,0.75,"Rain, Partially cloudy",Partly cloudy throughout the day with afternoon rain.,rain,"LWSK,BKPR,D3068"
skopje,6/11/2023,26.6,14.8,20.3,26.6,14.8,20.3,15.5,76.1,1.5,100,25,rain,0,0,20.5,21.5,48.1,1010,50.1,10,204.6,17.5,8,10,2023-06-11T04:58:30,2023-06-11T20:09:35,0.76,"Rain, Partially cloudy",Becoming cloudy in the afternoon with rain.,rain,"LWSK,BKPR,D3068"
skopje,6/12/2023,23.5,14.9,18.5,23.5,14.9,18.5,15.9,85.7,14.1,100,70.83,rain,0,0,16.6,8.4,153.9,1010.6,79.2,9.8,77.8,6.7,5,10,2023-06-12T04:58:22,2023-06-12T20:10:05,0.79,"Rain, Partially cloudy",Partly cloudy throughout the day with a chance of rain throughout the day.,rain,"LWSK,BKPR,D3068"
skopje,6/13/2023,23.7,15,18.6,23.7,15,18.6,16.2,86.8,26,100,62.5,rain,0,0,14,13.5,82,1011.3,71.6,13.6,205.5,17.6,8,10,2023-06-13T04:58:17,2023-06-13T20:10:34,0.83,"Rain, Partially cloudy",Partly cloudy throughout the day with a chance of rain throughout the day.,rain,"LWSK,BKPR,D3068"
